{
  "1": 0.52442,
  "2": 0.2212,
  "3": 0.52414,
  "4": 0.24621,
  "5": 0.17626,
  "6": 0.03659,
  "7": 0.03419,
  "8": 0.23718,
  "9": 0.28977,
  "10": 0.08609,
  "11": 0.63462,
  "12": 0.16535,
  "13": 0.15873,
  "14": 0.21091,
  "15": 0.36213,
  "16": 0.17355,
  "17": 0.00554,
  "18": 0.09639,
  "19": 0.29333,
  "20": 0.29412,
  "21": 0.48,
  "22": 0.30769,
  "23": 0.43,
  "24": 0.11475,
  "25": 0.61972,
  "26": 1.0,
  "27": 0.12069,
  "28": 0.43137,
  "29": 0.0,
  "30": 0.09756,
  "31": 0.28378,
  "32": 0.15,
  "33": 1.0,
  "34": 0.3871,
  "35": 0.26923,
  "36": 0.0,
  "37": 0.0,
  "38": 0.0,
  "39": 0.0,
  "total": 0.25066
}