{
  "1": 0.55527,
  "2": 0.31336,
  "3": 0.64828,
  "4": 0.49621,
  "5": 0.20144,
  "6": 0.0439,
  "7": 0.13675,
  "8": 1.0,
  "9": 0.36364,
  "10": 0.27815,
  "11": 1.0,
  "12": 0.17323,
  "13": 0.21429,
  "14": 0.27273,
  "15": 0.47508,
  "16": 0.19835,
  "17": 0.31302,
  "18": 0.15663,
  "19": 0.29333,
  "20": 0.64706,
  "21": 0.85333,
  "22": 0.30769,
  "23": 0.61,
  "24": 0.11475,
  "25": 0.91549,
  "26": 1.0,
  "27": 1.0,
  "28": 0.43137,
  "29": 0.27778,
  "30": 0.09756,
  "31": 0.2973,
  "32": 0.225,
  "33": 1.0,
  "34": 0.3871,
  "35": 0.26923,
  "36": 1.0,
  "37": 0.15574,
  "38": 0.0,
  "39": 0.52632,
  "total": 0.40631
}