{
  "1": 0.04884,
  "2": 0.00461,
  "3": 0.01379,
  "4": 0.0,
  "5": 0.00719,
  "6": 0.0,
  "7": 0.0,
  "8": 0.0,
  "9": 0.0,
  "10": 0.01987,
  "11": 0.14103,
  "12": 0.0,
  "13": 0.01587,
  "14": 0.0,
  "15": 0.0,
  "16": 0.0,
  "17": 0.0,
  "18": 0.04819,
  "19": 0.0,
  "20": 0.0,
  "21": 0.0,
  "22": 0.0,
  "23": 0.03,
  "24": 0.0,
  "25": 0.61972,
  "26": 0.00962,
  "27": 0.0,
  "28": 0.0,
  "29": 0.0,
  "30": 0.0,
  "31": 0.05405,
  "32": 0.0,
  "33": 0.0,
  "34": 0.0,
  "35": 0.0,
  "36": 0.0,
  "37": 0.0,
  "38": 0.0,
  "39": 0.0,
  "total": 0.02021
}