{
  "1": 0.41388,
  "2": 0.1106,
  "3": 0.21379,
  "4": 0.04167,
  "5": 0.02878,
  "6": 0.01463,
  "7": 0.01709,
  "8": 0.00641,
  "9": 0.0,
  "10": 0.01987,
  "11": 0.16026,
  "12": 0.05512,
  "13": 0.01587,
  "14": 0.0,
  "15": 0.26578,
  "16": 0.17355,
  "17": 0.00554,
  "18": 0.04819,
  "19": 0.0,
  "20": 0.0,
  "21": 0.34667,
  "22": 0.0,
  "23": 0.03,
  "24": 0.0,
  "25": 0.61972,
  "26": 0.00962,
  "27": 0.0,
  "28": 0.07843,
  "29": 0.0,
  "30": 0.0,
  "31": 0.05405,
  "32": 0.0,
  "33": 1.0,
  "34": 0.0,
  "35": 0.0,
  "36": 0.0,
  "37": 0.0,
  "38": 0.0,
  "39": 0.0,
  "total": 0.09671
}