{
  "1": 0.52442,
  "2": 0.21198,
  "3": 0.31724,
  "4": 0.22348,
  "5": 0.17626,
  "6": 0.03659,
  "7": 0.03419,
  "8": 0.01282,
  "9": 0.25,
  "10": 0.03974,
  "11": 0.62821,
  "12": 0.16535,
  "13": 0.11111,
  "14": 0.07636,
  "15": 0.36213,
  "16": 0.17355,
  "17": 0.00554,
  "18": 0.09639,
  "19": 0.29333,
  "20": 0.11765,
  "21": 0.46667,
  "22": 0.30769,
  "23": 0.41,
  "24": 0.11475,
  "25": 0.61972,
  "26": 1.0,
  "27": 0.12069,
  "28": 0.37255,
  "29": 0.0,
  "30": 0.09756,
  "31": 0.28378,
  "32": 0.15,
  "33": 1.0,
  "34": 0.3871,
  "35": 0.26923,
  "36": 0.0,
  "37": 0.0,
  "38": 0.0,
  "39": 0.0,
  "total": 0.22422
}