{
  "1": 0.5527,
  "2": 0.29493,
  "3": 0.64828,
  "4": 0.42424,
  "5": 0.20144,
  "6": 0.0439,
  "7": 0.11966,
  "8": 0.99359,
  "9": 0.32955,
  "10": 0.13907,
  "11": 1.0,
  "12": 0.17323,
  "13": 0.1746,
  "14": 0.27273,
  "15": 0.46512,
  "16": 0.19835,
  "17": 0.30748,
  "18": 0.15663,
  "19": 0.29333,
  "20": 0.35294,
  "21": 0.85333,
  "22": 0.30769,
  "23": 0.61,
  "24": 0.11475,
  "25": 0.91549,
  "26": 1.0,
  "27": 0.12069,
  "28": 0.43137,
  "29": 0.27778,
  "30": 0.09756,
  "31": 0.2973,
  "32": 0.15,
  "33": 1.0,
  "34": 0.3871,
  "35": 0.26923,
  "36": 1.0,
  "37": 0.14754,
  "38": 0.0,
  "39": 0.52632,
  "total": 0.38289
}