{
  "1": 0.48586,
  "2": 0.21198,
  "3": 0.26207,
  "4": 0.09091,
  "5": 0.06475,
  "6": 0.03659,
  "7": 0.01709,
  "8": 0.01282,
  "9": 0.06818,
  "10": 0.03311,
  "11": 0.55128,
  "12": 0.15748,
  "13": 0.11111,
  "14": 0.0,
  "15": 0.36213,
  "16": 0.17355,
  "17": 0.00554,
  "18": 0.06024,
  "19": 0.21333,
  "20": 0.11765,
  "21": 0.41333,
  "22": 0.30769,
  "23": 0.1,
  "24": 0.11475,
  "25": 0.61972,
  "26": 1.0,
  "27": 0.12069,
  "28": 0.07843,
  "29": 0.0,
  "30": 0.0,
  "31": 0.05405,
  "32": 0.0,
  "33": 1.0,
  "34": 0.0,
  "35": 0.0,
  "36": 0.0,
  "37": 0.0,
  "38": 0.0,
  "39": 0.0,
  "total": 0.16981
}