{
  "1": 0.46272,
  "2": 0.17051,
  "3": 0.23448,
  "4": 0.06818,
  "5": 0.02878,
  "6": 0.01463,
  "7": 0.01709,
  "8": 0.00641,
  "9": 0.0,
  "10": 0.01987,
  "11": 0.22436,
  "12": 0.07087,
  "13": 0.01587,
  "14": 0.0,
  "15": 0.34884,
  "16": 0.17355,
  "17": 0.00554,
  "18": 0.04819,
  "19": 0.0,
  "20": 0.11765,
  "21": 0.37333,
  "22": 0.12308,
  "23": 0.06,
  "24": 0.0,
  "25": 0.61972,
  "26": 1.0,
  "27": 0.0,
  "28": 0.07843,
  "29": 0.0,
  "30": 0.0,
  "31": 0.05405,
  "32": 0.0,
  "33": 1.0,
  "34": 0.0,
  "35": 0.0,
  "36": 0.0,
  "37": 0.0,
  "38": 0.0,
  "39": 0.0,
  "total": 0.13393
}