{
  "1": 0.53985,
  "2": 0.2212,
  "3": 0.54483,
  "4": 0.29545,
  "5": 0.17626,
  "6": 0.0439,
  "7": 0.03419,
  "8": 0.76923,
  "9": 0.31818,
  "10": 0.08609,
  "11": 0.67949,
  "12": 0.16535,
  "13": 0.1746,
  "14": 0.27273,
  "15": 0.46512,
  "16": 0.17355,
  "17": 0.00554,
  "18": 0.09639,
  "19": 0.29333,
  "20": 0.29412,
  "21": 0.72,
  "22": 0.30769,
  "23": 0.43,
  "24": 0.11475,
  "25": 0.61972,
  "26": 1.0,
  "27": 0.12069,
  "28": 0.43137,
  "29": 0.0,
  "30": 0.09756,
  "31": 0.28378,
  "32": 0.15,
  "33": 1.0,
  "34": 0.3871,
  "35": 0.26923,
  "36": 0.0,
  "37": 0.0,
  "38": 0.0,
  "39": 0.52632,
  "total": 0.29562
}